"id","note","code","name","reconcile","user_type_id:id","chart_template_id:id"
"ua_acc_10","","10","Основні засоби","1","account.data_account_type_expenses","l10n_ua_account_chart_template"
"ua_acc_101","","101","Земельні ділянки","1","account.data_account_type_expenses","l10n_ua_account_chart_template"
"ua_acc_102","","102","Капітальні витрати на поліпшення земель","1","account.data_account_type_expenses","l10n_ua_account_chart_template"
"ua_acc_103","","103","Будинки та споруди","1","account.data_account_type_expenses","l10n_ua_account_chart_template"
"ua_acc_104","","104","Машини та обладнання","1","account.data_account_type_expenses","l10n_ua_account_chart_template"
"ua_acc_105","","105","Транспортні засоби","1","account.data_account_type_expenses","l10n_ua_account_chart_template"
"ua_acc_106","","106","Інструменти, прилади та інвентар","1","account.data_account_type_expenses","l10n_ua_account_chart_template"
"ua_acc_107","","107","Робоча і продуктивна худоба","1","account.data_account_type_expenses","l10n_ua_account_chart_template"
"ua_acc_108","","108","Багаторічні насадження","1","account.data_account_type_expenses","l10n_ua_account_chart_template"
"ua_acc_109","","109","Інші основні засоби","1","account.data_account_type_expenses","l10n_ua_account_chart_template"
"ua_acc_11","","11","Інші необоротні матеріальні активи","1","account.data_account_type_expenses","l10n_ua_account_chart_template"
"ua_acc_111","","111","Бібліотечні фонди","1","account.data_account_type_expenses","l10n_ua_account_chart_template"
"ua_acc_112","","112","Малоцінні необоротні матеріальні активи","1","account.data_account_type_expenses","l10n_ua_account_chart_template"
"ua_acc_113","","113","Тимчасові (нетитульні) споруди","1","account.data_account_type_expenses","l10n_ua_account_chart_template"
"ua_acc_114","","114","Природні ресурси","1","account.data_account_type_expenses","l10n_ua_account_chart_template"
"ua_acc_115","","115","Інвентарна тара","1","account.data_account_type_expenses","l10n_ua_account_chart_template"
"ua_acc_116","","116","Предмети прокату","1","account.data_account_type_expenses","l10n_ua_account_chart_template"
"ua_acc_117","","117","Інші необоротні матеріальні активи","1","account.data_account_type_expenses","l10n_ua_account_chart_template"
"ua_acc_12","","12","Нематеріальні активи","1","account.data_account_type_expenses","l10n_ua_account_chart_template"
"ua_acc_121","","121","Права користування природними ресурсами","1","account.data_account_type_expenses","l10n_ua_account_chart_template"
"ua_acc_122","","122","Права користування майном","1","account.data_account_type_expenses","l10n_ua_account_chart_template"
"ua_acc_123","","123","Права на знаки для товарів і послуг","1","account.data_account_type_expenses","l10n_ua_account_chart_template"
"ua_acc_124","","124","Права на об’єкти промислової власності","1","account.data_account_type_expenses","l10n_ua_account_chart_template"
"ua_acc_125","","125","Авторські та суміжні з ними права","1","account.data_account_type_expenses","l10n_ua_account_chart_template"
"ua_acc_126","","126","Гудвіл","1","account.data_account_type_expenses","l10n_ua_account_chart_template"
"ua_acc_127","","127","Інші нематеріальні активи","1","account.data_account_type_expenses","l10n_ua_account_chart_template"
"ua_acc_13","","13","Знос необоротних активів","1","account.data_account_type_expenses","l10n_ua_account_chart_template"
"ua_acc_131","","131","Знос основних засобів","1","account.data_account_type_expenses","l10n_ua_account_chart_template"
"ua_acc_132","","132","Знос інших необоротних матеріальних активів","1","account.data_account_type_expenses","l10n_ua_account_chart_template"
"ua_acc_133","","133","Знос нематеріальних активів","1","account.data_account_type_expenses","l10n_ua_account_chart_template"
"ua_acc_14","","14","Довгострокові фінансові інвестиції","1","account.data_account_type_expenses","l10n_ua_account_chart_template"
"ua_acc_141","","141","Інвестиції в зв’язані сторони за методом обліку участі в капіталі","1","account.data_account_type_expenses","l10n_ua_account_chart_template"
"ua_acc_142","","142","Інші інвестиції в зв’язані сторони","1","account.data_account_type_expenses","l10n_ua_account_chart_template"
"ua_acc_143","","143","Інвестиції в незв’язані сторони","1","account.data_account_type_expenses","l10n_ua_account_chart_template"
"ua_acc_15","","15","Капітальні інвестиції","1","account.data_account_type_expenses","l10n_ua_account_chart_template"
"ua_acc_151","","151","Капітальне будівництво","1","account.data_account_type_expenses","l10n_ua_account_chart_template"
"ua_acc_152","","152","Придбання (виготовлення) основних засобів","1","account.data_account_type_expenses","l10n_ua_account_chart_template"
"ua_acc_153","","153","Придбання інших необоротних матеріальних активів","1","account.data_account_type_expenses","l10n_ua_account_chart_template"
"ua_acc_154","","154","Придбання (створення) нематеріальних активів","1","account.data_account_type_expenses","l10n_ua_account_chart_template"
"ua_acc_155","","155","Формування основного стада","1","account.data_account_type_expenses","l10n_ua_account_chart_template"
"ua_acc_16","","16","Довгострокова дебіторська заборгованість","1","account.data_account_type_expenses","l10n_ua_account_chart_template"
"ua_acc_161","","161","Заборгованість за майно, що передано у фінансову оренду","1","account.data_account_type_expenses","l10n_ua_account_chart_template"
"ua_acc_162","","162","Довгострокові векселі одержані","1","account.data_account_type_expenses","l10n_ua_account_chart_template"
"ua_acc_163","","163","Інша дебіторська заборгованість","1","account.data_account_type_expenses","l10n_ua_account_chart_template"
"ua_acc_17","","17","Відстрочені податкові активи","1","account.data_account_type_expenses","l10n_ua_account_chart_template"
"ua_acc_18","","18","Інші необоротні активи","1","account.data_account_type_expenses","l10n_ua_account_chart_template"
"ua_acc_19","","19","Негативний гудвіл","1","account.data_account_type_expenses","l10n_ua_account_chart_template"
"ua_acc_20","","20","Виробничі запаси","1","account.data_account_type_expenses","l10n_ua_account_chart_template"
"ua_acc_201","","201","Сировина й матеріали","1","account.data_account_type_expenses","l10n_ua_account_chart_template"
"ua_acc_202","","202","Купівельні напівфабрикати та комплектуючі вироби","1","account.data_account_type_expenses","l10n_ua_account_chart_template"
"ua_acc_203","","203","Паливо","1","account.data_account_type_expenses","l10n_ua_account_chart_template"
"ua_acc_204","","204","Тара і тарні матеріали","1","account.data_account_type_expenses","l10n_ua_account_chart_template"
"ua_acc_205","","205","Будівельні матеріали","1","account.data_account_type_expenses","l10n_ua_account_chart_template"
"ua_acc_206","","206","Матеріали передані у переробку","1","account.data_account_type_expenses","l10n_ua_account_chart_template"
"ua_acc_207","","207","Запасні частини","1","account.data_account_type_expenses","l10n_ua_account_chart_template"
"ua_acc_208","","208","Матеріали сільгосподарського призначення","1","account.data_account_type_expenses","l10n_ua_account_chart_template"
"ua_acc_209","","209","Інші матеріали","1","account.data_account_type_expenses","l10n_ua_account_chart_template"
"ua_acc_21","","21","Тварини на вирощуванні і відгодівлі","1","account.data_account_type_expenses","l10n_ua_account_chart_template"
"ua_acc_211","","211","Молодняк тварин на вирощуванні","1","account.data_account_type_expenses","l10n_ua_account_chart_template"
"ua_acc_212","","212","Птиця","1","account.data_account_type_expenses","l10n_ua_account_chart_template"
"ua_acc_213","","213","Звірі","1","account.data_account_type_expenses","l10n_ua_account_chart_template"
"ua_acc_214","","214","Кролі","1","account.data_account_type_expenses","l10n_ua_account_chart_template"
"ua_acc_215","","215","Сім’ї бджіл","1","account.data_account_type_expenses","l10n_ua_account_chart_template"
"ua_acc_216","","216","Доросла худоба вибракувана з ","1","account.data_account_type_expenses","l10n_ua_account_chart_template"
"ua_acc_217","","217","основного стада","1","account.data_account_type_expenses","l10n_ua_account_chart_template"
"ua_acc_218","","218","Худоба, прийнята від населення для реалізації","1","account.data_account_type_expenses","l10n_ua_account_chart_template"
"ua_acc_22","","22","Малоцінні та швидкозношувані предмети","1","account.data_account_type_expenses","l10n_ua_account_chart_template"
"ua_acc_23","","23","Виробництво","1","account.data_account_type_expenses","l10n_ua_account_chart_template"
"ua_acc_24","","24","Брак у виробництві","1","account.data_account_type_expenses","l10n_ua_account_chart_template"
"ua_acc_25","","25","Напівфабрикати","1","account.data_account_type_expenses","l10n_ua_account_chart_template"
"ua_acc_26","","26","Готова продукція","1","account.data_account_type_expenses","l10n_ua_account_chart_template"
"ua_acc_27","","27","Продукція сільськогосподарського виробництва","1","account.data_account_type_expenses","l10n_ua_account_chart_template"
"ua_acc_28","","28","Товари","1","account.data_account_type_expenses","l10n_ua_account_chart_template"
"ua_acc_281","","281","Товари на складі","1","account.data_account_type_expenses","l10n_ua_account_chart_template"
"ua_acc_282","","282","Товари в торгівлі","1","account.data_account_type_expenses","l10n_ua_account_chart_template"
"ua_acc_283","","283","Товари на комісії","1","account.data_account_type_expenses","l10n_ua_account_chart_template"
"ua_acc_284","","284","Тара під товарами","1","account.data_account_type_expenses","l10n_ua_account_chart_template"
"ua_acc_285","","285","Торгова націнка","1","account.data_account_type_expenses","l10n_ua_account_chart_template"
"ua_acc_30","","30","Каса","1","account.data_account_type_liquidity","l10n_ua_account_chart_template"
"ua_acc_301","","301","Каса в національній валюті","1","account.data_account_type_liquidity","l10n_ua_account_chart_template"
"ua_acc_302","","302","Каса в іноземній валюті","1","account.data_account_type_liquidity","l10n_ua_account_chart_template"
"ua_acc_31","","31","Рахунки в банках","1","account.data_account_type_liquidity","l10n_ua_account_chart_template"
"ua_acc_311","","311","Поточні рахунки в національній валюті","1","account.data_account_type_liquidity","l10n_ua_account_chart_template"
"ua_acc_312","","312","Поточні рахунки в іноземній валюті","1","account.data_account_type_liquidity","l10n_ua_account_chart_template"
"ua_acc_313","","313","Інші рахунки в банку в національній валюті","1","account.data_account_type_liquidity","l10n_ua_account_chart_template"
"ua_acc_314","","314","Інші рахунки в банку в іноземній валюті","1","account.data_account_type_liquidity","l10n_ua_account_chart_template"
"ua_acc_33","","33","Інші кошти","1","account.data_account_type_expenses","l10n_ua_account_chart_template"
"ua_acc_331","","331","Грошові документи в національній валюті","1","account.data_account_type_expenses","l10n_ua_account_chart_template"
"ua_acc_332","","332","Грошові документи в іноземній валюті","1","account.data_account_type_expenses","l10n_ua_account_chart_template"
"ua_acc_333","","333","Грошові кошти в дорозі в національній валюті","1","account.data_account_type_expenses","l10n_ua_account_chart_template"
"ua_acc_334","","334","Грошові кошти в дорозі в іноземній валюті","1","account.data_account_type_expenses","l10n_ua_account_chart_template"
"ua_acc_34","","34","Короткострокові векселі одержані","1","account.data_account_type_expenses","l10n_ua_account_chart_template"
"ua_acc_341","","341","Короткострокові векселі одержані в національній валюті","1","account.data_account_type_expenses","l10n_ua_account_chart_template"
"ua_acc_342","","342","Короткострокові векселі одержані в іноземній валюті","1","account.data_account_type_expenses","l10n_ua_account_chart_template"
"ua_acc_35","","35","Поточні фінансові інвестиції","1","account.data_account_type_expenses","l10n_ua_account_chart_template"
"ua_acc_351","","351","Еквіваленти грошових коштів","1","account.data_account_type_expenses","l10n_ua_account_chart_template"
"ua_acc_352","","352","Інші поточні фінансові інвестиції","1","account.data_account_type_expenses","l10n_ua_account_chart_template"
"ua_acc_36","","36","Розрахунки з покупцями та замовниками","1","account.data_account_type_receivable","l10n_ua_account_chart_template"
"ua_acc_361","","361","Розрахунки з вітчизняними партнерами","1","account.data_account_type_receivable","l10n_ua_account_chart_template"
"ua_acc_362","","362","Розрахунки з іноземними партнерами","1","account.data_account_type_receivable","l10n_ua_account_chart_template"
"ua_acc_37","","37","Розрахунки з різними дебіторами","1","account.data_account_type_receivable","l10n_ua_account_chart_template"
"ua_acc_371","","371","Розрахунки за виданими авансами","1","account.data_account_type_receivable","l10n_ua_account_chart_template"
"ua_acc_372","","372","Розрахунки з підзвітними особами","1","account.data_account_type_receivable","l10n_ua_account_chart_template"
"ua_acc_373","","373","Розрахунки за нарахованими доходами","1","account.data_account_type_receivable","l10n_ua_account_chart_template"
"ua_acc_374","","374","Розрахунки за претензіями","1","account.data_account_type_receivable","l10n_ua_account_chart_template"
"ua_acc_375","","375","Розрахунки за відшкодуванням завданих збитків","1","account.data_account_type_receivable","l10n_ua_account_chart_template"
"ua_acc_376","","376","Розрахунки за позиками членам кредитних спілок","1","account.data_account_type_receivable","l10n_ua_account_chart_template"
"ua_acc_377","","377","Розрахунки з іншими дебіторами","1","account.data_account_type_receivable","l10n_ua_account_chart_template"
"ua_acc_38","","38","Резерв сумнівних боргів","1","account.data_account_type_expenses","l10n_ua_account_chart_template"
"ua_acc_39","","39","Витрати майбутніх періодів","1","account.data_account_type_expenses","l10n_ua_account_chart_template"
"ua_acc_40","","40","Статутний капітал","1","account.data_account_type_expenses","l10n_ua_account_chart_template"
"ua_acc_41","","41","Пайовий капітал","1","account.data_account_type_expenses","l10n_ua_account_chart_template"
"ua_acc_42","","42","Додатковий капітал","1","account.data_account_type_expenses","l10n_ua_account_chart_template"
"ua_acc_421","","421","Емісійний дохід","1","account.data_account_type_expenses","l10n_ua_account_chart_template"
"ua_acc_422","","422","Інший вкладений капітал","1","account.data_account_type_liquidity","l10n_ua_account_chart_template"
"ua_acc_423","","423","Дооцінка активів","1","account.data_account_type_liquidity","l10n_ua_account_chart_template"
"ua_acc_424","","424","Безоплатно одержані необоротні активи","1","account.data_account_type_liquidity","l10n_ua_account_chart_template"
"ua_acc_425","","425","Інший додатковий капітал","1","account.data_account_type_liquidity","l10n_ua_account_chart_template"
"ua_acc_43","","43","Резервний капітал","1","account.data_account_type_liquidity","l10n_ua_account_chart_template"
"ua_acc_44","","44","Нерозподілені прибутки (непокриті збитки)","1","account.data_account_type_liquidity","l10n_ua_account_chart_template"
"ua_acc_441","","441","Прибуток нерозподілений","1","account.data_account_type_liquidity","l10n_ua_account_chart_template"
"ua_acc_442","","442","Непокриті збитки","1","account.data_account_type_liquidity","l10n_ua_account_chart_template"
"ua_acc_443","","443","Прибуток використаний у звітному періоді","1","account.data_account_type_liquidity","l10n_ua_account_chart_template"
"ua_acc_45","","45","Вилучений капітал","1","account.data_account_type_liquidity","l10n_ua_account_chart_template"
"ua_acc_451","","451","Вилучені акції","1","account.data_account_type_liquidity","l10n_ua_account_chart_template"
"ua_acc_452","","452","Вилучені вклади і паї","1","account.data_account_type_liquidity","l10n_ua_account_chart_template"
"ua_acc_453","","453","Інший вилучений капітал","1","account.data_account_type_liquidity","l10n_ua_account_chart_template"
"ua_acc_46","","46","Неоплачений капітал","1","account.data_account_type_liquidity","l10n_ua_account_chart_template"
"ua_acc_47","","47","Забезпечення майбутніх витрат і платежів","1","account.data_account_type_liquidity","l10n_ua_account_chart_template"
"ua_acc_471","","471","Забезпечення виплат відпусток","1","account.data_account_type_liquidity","l10n_ua_account_chart_template"
"ua_acc_472","","472","Додаткове пенсійне забезпечення","1","account.data_account_type_liquidity","l10n_ua_account_chart_template"
"ua_acc_473","","473","Забезпечення гарантійних зобов’язань","1","account.data_account_type_liquidity","l10n_ua_account_chart_template"
"ua_acc_474","","474","Забезпечення інших витрат і платежів","1","account.data_account_type_liquidity","l10n_ua_account_chart_template"
"ua_acc_48","","48","Цільове фінансування і цільові надходження","1","account.data_account_type_liquidity","l10n_ua_account_chart_template"
"ua_acc_49","","49","Страхові резерви","1","account.data_account_type_liquidity","l10n_ua_account_chart_template"
"ua_acc_491","","491","Резерви незароблених премій","1","account.data_account_type_liquidity","l10n_ua_account_chart_template"
"ua_acc_492","","492","Резерви збитків","1","account.data_account_type_liquidity","l10n_ua_account_chart_template"
"ua_acc_493","","493","Інші страхові резерви","1","account.data_account_type_expenses","l10n_ua_account_chart_template"
"ua_acc_494","","494","Частка перестраховиків у резервах незароблених премій","1","account.data_account_type_expenses","l10n_ua_account_chart_template"
"ua_acc_495","","495","Частка перестраховиків у резервах збитків","1","account.data_account_type_expenses","l10n_ua_account_chart_template"
"ua_acc_496","","496","Частка перестраховиків у інших страхових резервах","1","account.data_account_type_expenses","l10n_ua_account_chart_template"
"ua_acc_497","","497","Результат зміни резервів незароблених премій","1","account.data_account_type_expenses","l10n_ua_account_chart_template"
"ua_acc_498","","498","Результат зміни резервів збитків","1","account.data_account_type_expenses","l10n_ua_account_chart_template"
"ua_acc_50","","50","Довгострокові позики","1","account.data_account_type_expenses","l10n_ua_account_chart_template"
"ua_acc_501","","501","Довгострокові кредити банків в національній валюті","1","account.data_account_type_expenses","l10n_ua_account_chart_template"
"ua_acc_502","","502","Довгострокові кредити банків в іноземній валюті","1","account.data_account_type_expenses","l10n_ua_account_chart_template"
"ua_acc_503","","503","Відстрочені довгострокові кредити банків в національній валюті","1","account.data_account_type_payable","l10n_ua_account_chart_template"
"ua_acc_504","","504","Відстрочені довгострокові кредити банків в іноземній валюті ","1","account.data_account_type_payable","l10n_ua_account_chart_template"
"ua_acc_505","","505","Інші довгострокові позики в національній валюті","1","account.data_account_type_payable","l10n_ua_account_chart_template"
"ua_acc_506","","506","Інші довгострокові позики в іноземній валюті","1","account.data_account_type_payable","l10n_ua_account_chart_template"
"ua_acc_51","","51","Довгострокові векселі видані","1","account.data_account_type_payable","l10n_ua_account_chart_template"
"ua_acc_511","","511","Довгострокові векселі видані в національній валюті","1","account.data_account_type_payable","l10n_ua_account_chart_template"
"ua_acc_512","","512","Довгострокові векселі видані в іноземній валюті","1","account.data_account_type_payable","l10n_ua_account_chart_template"
"ua_acc_52","","52","Довгострокові зобов’язання за облігаціями","1","account.data_account_type_payable","l10n_ua_account_chart_template"
"ua_acc_521","","521","Зобов’язання за облігаціями","1","account.data_account_type_receivable","l10n_ua_account_chart_template"
"ua_acc_522","","522","Премія за випущеними облігаціями","1","account.data_account_type_receivable","l10n_ua_account_chart_template"
"ua_acc_523","","523","Дисконт за випущеними облігаціями","1","account.data_account_type_receivable","l10n_ua_account_chart_template"
"ua_acc_53","","53","Довгострокові зобов’язання з оренди","1","account.data_account_type_receivable","l10n_ua_account_chart_template"
"ua_acc_531","","531","Зобов’язання з фінансової оренди","1","account.data_account_type_receivable","l10n_ua_account_chart_template"
"ua_acc_532","","532","Зобов’язання з оренди цілісних майнових комплексів","1","account.data_account_type_receivable","l10n_ua_account_chart_template"
"ua_acc_54","","54","Відстрочені податкові зобов’язання","1","account.data_account_type_receivable","l10n_ua_account_chart_template"
"ua_acc_55","","55","Інші довгострокові зобов’язання","1","account.data_account_type_receivable","l10n_ua_account_chart_template"
"ua_acc_60","","60","Короткострокові позики","1","account.data_account_type_receivable","l10n_ua_account_chart_template"
"ua_acc_601","","601","Короткострокові кредити банків в національній валюті","1","account.data_account_type_expenses","l10n_ua_account_chart_template"
"ua_acc_602","","602","Короткострокові кредити банків в іноземній валюті","1","account.data_account_type_expenses","l10n_ua_account_chart_template"
"ua_acc_603","","603","Відстрочені короткострокові кредити банків в національній валюті","1","account.data_account_type_expenses","l10n_ua_account_chart_template"
"ua_acc_604","","604","Відстрочені короткострокові кредити банків в іноземній валюті","1","account.data_account_type_expenses","l10n_ua_account_chart_template"
"ua_acc_605","","605","Прострочені позики в національній валюті","1","account.data_account_type_expenses","l10n_ua_account_chart_template"
"ua_acc_606","","606","Прострочені позики в іноземній валюті","1","account.data_account_type_expenses","l10n_ua_account_chart_template"
"ua_acc_61","","61","Поточна заборгованість за довгостроковими зобов'язаннями","1","account.data_account_type_expenses","l10n_ua_account_chart_template"
"ua_acc_611","","611","Поточна заборгованість за довгостроковими зобов'язаннями в національній валюті","1","account.data_account_type_expenses","l10n_ua_account_chart_template"
"ua_acc_612","","612","Поточна заборгованість за довгостроковими зобов'язаннями в іноземній валюті","1","account.data_account_type_expenses","l10n_ua_account_chart_template"
"ua_acc_62","","62","Короткострокові векселі видані","1","account.data_account_type_expenses","l10n_ua_account_chart_template"
"ua_acc_621","","621","Короткострокові векселі видані в національній валюті","1","account.data_account_type_expenses","l10n_ua_account_chart_template"
"ua_acc_622","","622","Короткострокові векселі видані в іноземній валюті","1","account.data_account_type_expenses","l10n_ua_account_chart_template"
"ua_acc_63","","63","Розрахунки з постачальниками та підрядниками","1","account.data_account_type_payable","l10n_ua_account_chart_template"
"ua_acc_631","","631","Розрахунки з вітчизняними партнерами","1","account.data_account_type_payable","l10n_ua_account_chart_template"
"ua_acc_632","","632","Розрахунки з іноземними партнерами","1","account.data_account_type_payable","l10n_ua_account_chart_template"
"ua_acc_64","","64","Розрахунки за податками й платежами","1","account.data_account_type_expenses","l10n_ua_account_chart_template"
"ua_acc_641","","641","Розрахунки з податків","1","account.data_account_type_expenses","l10n_ua_account_chart_template"
"ua_acc_642","","642","Розрахунки з обов'язкових платежів","1","account.data_account_type_expenses","l10n_ua_account_chart_template"
"ua_acc_643","","643","Податкові зобов'язання","1","account.data_account_type_expenses","l10n_ua_account_chart_template"
"ua_acc_644","","644","Податковий кредит","1","account.data_account_type_expenses","l10n_ua_account_chart_template"
"ua_acc_65","","65","Розрахунки за страхуванням","1","account.data_account_type_expenses","l10n_ua_account_chart_template"
"ua_acc_651","","651","За пенсійним забезпеченням","1","account.data_account_type_expenses","l10n_ua_account_chart_template"
"ua_acc_652","","652","За соціальним страхуванням","1","account.data_account_type_expenses","l10n_ua_account_chart_template"
"ua_acc_653","","653","За страхуванням на випадок безробіття","1","account.data_account_type_expenses","l10n_ua_account_chart_template"
"ua_acc_654","","654","За індивідуальним страхуванням","1","account.data_account_type_expenses","l10n_ua_account_chart_template"
"ua_acc_655","","655","За страхуванням майна","1","account.data_account_type_expenses","l10n_ua_account_chart_template"
"ua_acc_66","","66","Розрахунки з оплати праці","1","account.data_account_type_expenses","l10n_ua_account_chart_template"
"ua_acc_661","","661","Розрахунки за заробітною платою","1","account.data_account_type_expenses","l10n_ua_account_chart_template"
"ua_acc_662","","662","Розрахунки з депонентами","1","account.data_account_type_expenses","l10n_ua_account_chart_template"
"ua_acc_67","","67","Розрахунки з учасниками","1","account.data_account_type_expenses","l10n_ua_account_chart_template"
"ua_acc_671","","671","Розрахунки за нарахованими дивідендами","1","account.data_account_type_expenses","l10n_ua_account_chart_template"
"ua_acc_672","","672","Розрахунки за іншими виплатами","1","account.data_account_type_expenses","l10n_ua_account_chart_template"
"ua_acc_68","","68","Розрахунки за іншими операціями","1","account.data_account_type_expenses","l10n_ua_account_chart_template"
"ua_acc_681","","681","Розрахунки за авансами державними","1","account.data_account_type_expenses","l10n_ua_account_chart_template"
"ua_acc_682","","682","Внутрішні розрахунки ","1","account.data_account_type_expenses","l10n_ua_account_chart_template"
"ua_acc_683","","683","Внутрішньогосподарські розрахунки ","1","account.data_account_type_expenses","l10n_ua_account_chart_template"
"ua_acc_684","","684","Розрахунки за нарахованими відсотками","1","account.data_account_type_expenses","l10n_ua_account_chart_template"
"ua_acc_685","","685","Інші розрахунки ","1","account.data_account_type_expenses","l10n_ua_account_chart_template"
"ua_acc_69","","69","Доходи майбутніх періодів","1","account.data_account_type_expenses","l10n_ua_account_chart_template"
"ua_acc_70","","70","Доходи від реалізації","1","account.data_account_type_other_income","l10n_ua_account_chart_template"
"ua_acc_701","","701","Дохід від реалізації готової продукції","1","account.data_account_type_other_income","l10n_ua_account_chart_template"
"ua_acc_702","","702","Дохід від реалізації товарів","1","account.data_account_type_other_income","l10n_ua_account_chart_template"
"ua_acc_703","","703","Дохід від реалізації робіт і послуг","1","account.data_account_type_other_income","l10n_ua_account_chart_template"
"ua_acc_704","","704","Вирахування з доходу","1","account.data_account_type_other_income","l10n_ua_account_chart_template"
"ua_acc_71","","71","Інший операційний дохід","1","account.data_account_type_expenses","l10n_ua_account_chart_template"
"ua_acc_711","","711","Дохід від реалізації іноземної валюти","1","account.data_account_type_expenses","l10n_ua_account_chart_template"
"ua_acc_712","","712","Дохід від реалізації інших оборотних активів","1","account.data_account_type_expenses","l10n_ua_account_chart_template"
"ua_acc_713","","713","Дохід від операційної оренди активів","1","account.data_account_type_expenses","l10n_ua_account_chart_template"
"ua_acc_714","","714","Дохід від операційної курсової різниці","1","account.data_account_type_expenses","l10n_ua_account_chart_template"
"ua_acc_715","","715","Одержані пені, штрафи, неустойки","1","account.data_account_type_expenses","l10n_ua_account_chart_template"
"ua_acc_716","","716","Відшкодування раніше списаних активів","1","account.data_account_type_expenses","l10n_ua_account_chart_template"
"ua_acc_717","","717","Дохід від списання кредиторської заборгованості","1","account.data_account_type_expenses","l10n_ua_account_chart_template"
"ua_acc_718","","718","Одержані гранти та субсидії","1","account.data_account_type_expenses","l10n_ua_account_chart_template"
"ua_acc_719","","719","Інші доходи від операційної діяльності","1","account.data_account_type_expenses","l10n_ua_account_chart_template"
"ua_acc_72","","72","Дохід від участі в капіталі","1","account.data_account_type_expenses","l10n_ua_account_chart_template"
"ua_acc_721","","721","Дохід від інвестицій в асоційовані підприємства","1","account.data_account_type_expenses","l10n_ua_account_chart_template"
"ua_acc_722","","722","Дохід від спільної діяльності","1","account.data_account_type_expenses","l10n_ua_account_chart_template"
"ua_acc_723","","723","Дохід від інвестицій в дочірні підприємства","1","account.data_account_type_expenses","l10n_ua_account_chart_template"
"ua_acc_73","","73","Інші фінансові доходи","1","account.data_account_type_expenses","l10n_ua_account_chart_template"
"ua_acc_731","","731","Дивіденди одержані","1","account.data_account_type_expenses","l10n_ua_account_chart_template"
"ua_acc_732","","732","Відсотки одержані","1","account.data_account_type_expenses","l10n_ua_account_chart_template"
"ua_acc_733","","733","Інші доходи від фінансових операцій","1","account.data_account_type_expenses","l10n_ua_account_chart_template"
"ua_acc_74","","74","Інші доходи","1","account.data_account_type_expenses","l10n_ua_account_chart_template"
"ua_acc_741","","741","Дохід від реалізації фінансових інвестицій","1","account.data_account_type_expenses","l10n_ua_account_chart_template"
"ua_acc_742","","742","Дохід від реалізації необоротних активів","1","account.data_account_type_expenses","l10n_ua_account_chart_template"
"ua_acc_743","","743","Дохід від реалізації майнових комплексів","1","account.data_account_type_expenses","l10n_ua_account_chart_template"
"ua_acc_744","","744","Дохід від неопераційної курсової різниці","1","account.data_account_type_expenses","l10n_ua_account_chart_template"
"ua_acc_745","","745","Дохід від безоплатно одержаних активів","1","account.data_account_type_expenses","l10n_ua_account_chart_template"
"ua_acc_746","","746","Інші доходи від звичайної діяльності","1","account.data_account_type_expenses","l10n_ua_account_chart_template"
"ua_acc_75","","75","Надзвичайні доходи","1","account.data_account_type_expenses","l10n_ua_account_chart_template"
"ua_acc_751","","751","Відшкодування збитків від надзвичайних подій","1","account.data_account_type_expenses","l10n_ua_account_chart_template"
"ua_acc_752","","752","Інші надзвичайні доходи","1","account.data_account_type_expenses","l10n_ua_account_chart_template"
"ua_acc_76","","76","Страхові платежі","1","account.data_account_type_expenses","l10n_ua_account_chart_template"
"ua_acc_79","","79","Фінансові результати","1","account.data_account_type_expenses","l10n_ua_account_chart_template"
"ua_acc_791","","791","Результат основної діяльності","1","account.data_account_type_expenses","l10n_ua_account_chart_template"
"ua_acc_792","","792","Результат фінансових операцій","1","account.data_account_type_expenses","l10n_ua_account_chart_template"
"ua_acc_793","","793","Результат іншої звичайної діяльності","1","account.data_account_type_expenses","l10n_ua_account_chart_template"
"ua_acc_794","","794","Результат надзвичайних подій","1","account.data_account_type_expenses","l10n_ua_account_chart_template"
"ua_acc_80","","80","Матеріальні витрати","1","account.data_account_type_expenses","l10n_ua_account_chart_template"
"ua_acc_801","","801","Витрати сировини і матеріалів","1","account.data_account_type_expenses","l10n_ua_account_chart_template"
"ua_acc_802","","802","Витрати покупних напівфабрикатів та комплектуючих","1","account.data_account_type_expenses","l10n_ua_account_chart_template"
"ua_acc_803","","803","Витрати палива й енергії ","1","account.data_account_type_expenses","l10n_ua_account_chart_template"
"ua_acc_804","","804","Витрати тари й тарних матеріалів","1","account.data_account_type_expenses","l10n_ua_account_chart_template"
"ua_acc_805","","805","Витрати будівельних матеріалів","1","account.data_account_type_expenses","l10n_ua_account_chart_template"
"ua_acc_806","","806","Витрати запасних частин","1","account.data_account_type_expenses","l10n_ua_account_chart_template"
"ua_acc_807","","807","Витрати матеріалів сільськогосподарського призначення","1","account.data_account_type_expenses","l10n_ua_account_chart_template"
"ua_acc_808","","808","Витрати товарів","1","account.data_account_type_expenses","l10n_ua_account_chart_template"
"ua_acc_809","","809","Інші матеріальні витрати","1","account.data_account_type_expenses","l10n_ua_account_chart_template"
"ua_acc_81","","81","Витрати на оплату праці","1","account.data_account_type_expenses","l10n_ua_account_chart_template"
"ua_acc_811","","811","Виплати за окладами і тарифами","1","account.data_account_type_expenses","l10n_ua_account_chart_template"
"ua_acc_812","","812","Премії та заохочення","1","account.data_account_type_expenses","l10n_ua_account_chart_template"
"ua_acc_813","","813","Компенсаційні виплати","1","account.data_account_type_expenses","l10n_ua_account_chart_template"
"ua_acc_814","","814","Оплата відпусток","1","account.data_account_type_expenses","l10n_ua_account_chart_template"
"ua_acc_815","","815","Оплата іншого невідпрацьованого часу","1","account.data_account_type_expenses","l10n_ua_account_chart_template"
"ua_acc_816","","816","Інші витрати на оплату праці","1","account.data_account_type_expenses","l10n_ua_account_chart_template"
"ua_acc_82","","82","Відрахування на соціальні заходи","1","account.data_account_type_expenses","l10n_ua_account_chart_template"
"ua_acc_821","","821","Відрахування на пенсійне забезпечення","1","account.data_account_type_expenses","l10n_ua_account_chart_template"
"ua_acc_822","","822","Відрахування на соціальне страхування","1","account.data_account_type_expenses","l10n_ua_account_chart_template"
"ua_acc_823","","823","Страхування на випадок безробіття","1","account.data_account_type_expenses","l10n_ua_account_chart_template"
"ua_acc_824","","824","Відрахування на індивідуальне страхування","1","account.data_account_type_expenses","l10n_ua_account_chart_template"
"ua_acc_83","","83","Амортизація","1","account.data_account_type_expenses","l10n_ua_account_chart_template"
"ua_acc_831","","831","Амортизація основних засобів","1","account.data_account_type_expenses","l10n_ua_account_chart_template"
"ua_acc_832","","832","Амортизація інших необоротних матеріальних активів","1","account.data_account_type_expenses","l10n_ua_account_chart_template"
"ua_acc_833","","833","Амортизація нематеріальних активів","1","account.data_account_type_expenses","l10n_ua_account_chart_template"
"ua_acc_84","","84","Інші операційні витрати ","1","account.data_account_type_expenses","l10n_ua_account_chart_template"
"ua_acc_85","","85","Інші затрати","1","account.data_account_type_expenses","l10n_ua_account_chart_template"
"ua_acc_90","","90","Собівартість реалізації","1","account.data_account_type_expenses","l10n_ua_account_chart_template"
"ua_acc_901","","901","Собівартість реалізованої готової продукції","1","account.data_account_type_expenses","l10n_ua_account_chart_template"
"ua_acc_902","","902","Собівартість реалізованих товарів","1","account.data_account_type_expenses","l10n_ua_account_chart_template"
"ua_acc_903","","903","Собівартість реалізованих робіт і послуг","1","account.data_account_type_expenses","l10n_ua_account_chart_template"
"ua_acc_91","","91","Загальновиробничі витрати","1","account.data_account_type_expenses","l10n_ua_account_chart_template"
"ua_acc_92","","92","Адміністративні витрати","1","account.data_account_type_expenses","l10n_ua_account_chart_template"
"ua_acc_93","","93","Витрати на збут","1","account.data_account_type_expenses","l10n_ua_account_chart_template"
"ua_acc_94","","94","Інші витрати операційної діяльності","1","account.data_account_type_expenses","l10n_ua_account_chart_template"
"ua_acc_941","","941","Витрати на дослідження і розробки","1","account.data_account_type_expenses","l10n_ua_account_chart_template"
"ua_acc_942","","942","Собівартість реалізованої іноземної валюти","1","account.data_account_type_expenses","l10n_ua_account_chart_template"
"ua_acc_943","","943","Собівартість реалізованих виробничих запасів","1","account.data_account_type_expenses","l10n_ua_account_chart_template"
"ua_acc_944","","944","Сумнівні та безнадійні борги","1","account.data_account_type_expenses","l10n_ua_account_chart_template"
"ua_acc_945","","945","Витрати від операційної курсової різниці","1","account.data_account_type_expenses","l10n_ua_account_chart_template"
"ua_acc_946","","946","Витрати від знецінення запасів","1","account.data_account_type_expenses","l10n_ua_account_chart_template"
"ua_acc_947","","947","Нестачі і витрати від псування цінностей","1","account.data_account_type_expenses","l10n_ua_account_chart_template"
"ua_acc_948","","948","Визнані пені, штрафи, неустойки","1","account.data_account_type_expenses","l10n_ua_account_chart_template"
"ua_acc_949","","949","Інші витрати операційної діяльності","1","account.data_account_type_expenses","l10n_ua_account_chart_template"
"ua_acc_95","","95","Фінансові витрати","1","account.data_account_type_expenses","l10n_ua_account_chart_template"
"ua_acc_951","","951","Відсотки за кредит","1","account.data_account_type_expenses","l10n_ua_account_chart_template"
"ua_acc_952","","952","Інші фінансові витрати","1","account.data_account_type_expenses","l10n_ua_account_chart_template"
"ua_acc_96","","96","Витрати від участі в капіталі","1","account.data_account_type_expenses","l10n_ua_account_chart_template"
"ua_acc_961","","961","Витрати від інвестицій в асоційовані підприємства","1","account.data_account_type_expenses","l10n_ua_account_chart_template"
"ua_acc_962","","962","Витрати від спільної діяльності","1","account.data_account_type_expenses","l10n_ua_account_chart_template"
"ua_acc_963","","963","Витрати від інвестицій в дочірні підприємства","1","account.data_account_type_expenses","l10n_ua_account_chart_template"
"ua_acc_97","","97","Інші витрати","1","account.data_account_type_expenses","l10n_ua_account_chart_template"
"ua_acc_971","","971","Собівартість реалізованих фінансових інвестицій","1","account.data_account_type_other_income","l10n_ua_account_chart_template"
"ua_acc_972","","972","Собівартість реалізованих необоротних активів","1","account.data_account_type_other_income","l10n_ua_account_chart_template"
"ua_acc_973","","973","Собівартість реалізованих майнових комплексів","1","account.data_account_type_other_income","l10n_ua_account_chart_template"
"ua_acc_974","","974","Витрати від неопераційних курсових різниць","1","account.data_account_type_other_income","l10n_ua_account_chart_template"
"ua_acc_975","","975","Уцінка необоротних активів і фінансових інвестицій","1","account.data_account_type_expenses","l10n_ua_account_chart_template"
"ua_acc_976","","976","Списання необоротних активів","1","account.data_account_type_expenses","l10n_ua_account_chart_template"
"ua_acc_977","","977","Інші витрати звичайної діяльності","1","account.data_account_type_expenses","l10n_ua_account_chart_template"
"ua_acc_978","","978","Виплати страхових сум та страхових відшкодувань","1","account.data_account_type_expenses","l10n_ua_account_chart_template"
"ua_acc_979","","979","Перестрахування","1","account.data_account_type_expenses","l10n_ua_account_chart_template"
"ua_acc_98","","98","Податки на прибуток","1","account.data_account_type_expenses","l10n_ua_account_chart_template"
"ua_acc_981","","981","Податки на прибуток від звичайної діяльності","1","account.data_account_type_expenses","l10n_ua_account_chart_template"
"ua_acc_982","","982","Податки на прибуток від надзвичайних подій","1","account.data_account_type_expenses","l10n_ua_account_chart_template"
"ua_acc_99","","99","Надзвичайні витрати","1","account.data_account_type_expenses","l10n_ua_account_chart_template"
"ua_acc_991","","991","Витрати від стихійного лиха","1","account.data_account_type_expenses","l10n_ua_account_chart_template"
"ua_acc_992","","992","Витрати від техногенних катастроф і аварій","1","account.data_account_type_expenses","l10n_ua_account_chart_template"
"ua_acc_993","","993","Інші надзвичайні витрати","1","account.data_account_type_expenses","l10n_ua_account_chart_template"
"ua_acc_1","","1","Орендовані необоротні активи","1","account.data_account_type_expenses","l10n_ua_account_chart_template"
"ua_acc_2","","2","Активи на відповідальному зберіганні","1","account.data_account_type_expenses","l10n_ua_account_chart_template"
"ua_acc_21","","21","Устаткування прийняте для монтажу","1","account.data_account_type_expenses","l10n_ua_account_chart_template"
"ua_acc_22","","22","Матеріали прийняті для переробки","1","account.data_account_type_expenses","l10n_ua_account_chart_template"
"ua_acc_23","","23","Матеріальні цінності на відповідальному зберіганні","1","account.data_account_type_expenses","l10n_ua_account_chart_template"
"ua_acc_24","","24","Товари прийняті на комісію","1","account.data_account_type_expenses","l10n_ua_account_chart_template"
"ua_acc_25","","25","Майно в довірчому управлінні","1","account.data_account_type_expenses","l10n_ua_account_chart_template"
"ua_acc_3","","3","Контрактні зобов'язання","1","account.data_account_type_expenses","l10n_ua_account_chart_template"
"ua_acc_4","","4","Непередбачені активи і зобов'язання","1","account.data_account_type_expenses","l10n_ua_account_chart_template"
"ua_acc_41","","41","Непередбачені активи","1","account.data_account_type_expenses","l10n_ua_account_chart_template"
"ua_acc_42","","42","Непередбачені зобов'язання","1","account.data_account_type_expenses","l10n_ua_account_chart_template"
"ua_acc_5","","5","Гарантії та забезпечення надані","1","account.data_account_type_expenses","l10n_ua_account_chart_template"
"ua_acc_6","","6","Гарантії та забезпечення отримані","1","account.data_account_type_expenses","l10n_ua_account_chart_template"
"ua_acc_7","","7","Списані активи","1","account.data_account_type_expenses","l10n_ua_account_chart_template"
"ua_acc_71","","71","Списана дебіторська заборгованість","1","account.data_account_type_expenses","l10n_ua_account_chart_template"
"ua_acc_72","","72","Невідшкодовані нестачі і витрати від псування цінностей","1","account.data_account_type_expenses","l10n_ua_account_chart_template"
"ua_acc_8","","8","Бланки суворого обліку","1","account.data_account_type_expenses","l10n_ua_account_chart_template"
